,id,meet1,meet2,meet3,meet4,meet5,meet6,meet7,meet8,meet9,meet10,meet11,meet12,meet13,meet14,meet15,meet16
0,1,08:00:00,08:05:00,08:10:00,08:12:00,08:15:00,08:20:00,08:24:00,08:25:00,08:30:00,08:35:00,08:36:00,08:40:00,08:45:00,08:48:00,08:50:00,08:55:00
1,2,09:00:00,09:05:00,09:10:00,09:12:00,09:15:00,09:20:00,09:24:00,09:25:00,09:30:00,09:35:00,09:36:00,09:40:00,09:45:00,09:48:00,09:50:00,09:55:00
2,3,10:00:00,10:05:00,10:10:00,10:12:00,10:15:00,10:20:00,10:24:00,10:25:00,10:30:00,10:35:00,10:36:00,10:40:00,10:45:00,10:48:00,10:50:00,10:55:00
3,4,11:00:00,11:05:00,11:10:00,11:12:00,11:15:00,11:20:00,11:24:00,11:25:00,11:30:00,11:35:00,11:36:00,11:40:00,11:45:00,11:48:00,11:50:00,11:55:00
4,5,12:00:00,12:05:00,12:10:00,12:12:00,12:15:00,12:20:00,12:24:00,12:25:00,12:30:00,12:35:00,12:36:00,12:40:00,12:45:00,12:48:00,12:50:00,12:55:00
5,6,13:00:00,13:05:00,13:10:00,13:12:00,13:15:00,13:20:00,13:24:00,13:25:00,13:30:00,13:35:00,13:36:00,13:40:00,13:45:00,13:48:00,13:50:00,13:55:00
6,7,14:00:00,14:05:00,14:10:00,14:12:00,14:15:00,14:20:00,14:24:00,14:25:00,14:30:00,14:35:00,14:36:00,14:40:00,14:45:00,14:48:00,14:50:00,14:55:00
7,8,15:00:00,15:05:00,15:10:00,15:12:00,15:15:00,15:20:00,15:24:00,15:25:00,15:30:00,15:35:00,15:36:00,15:40:00,15:45:00,15:48:00,15:50:00,15:55:00
8,9,16:00:00,16:05:00,16:10:00,16:12:00,16:15:00,16:20:00,16:24:00,16:25:00,16:30:00,16:35:00,16:36:00,16:40:00,16:45:00,16:48:00,16:50:00,16:55:00
9,10,17:00:00,17:05:00,17:10:00,17:12:00,17:15:00,17:20:00,17:24:00,17:25:00,17:30:00,17:35:00,17:36:00,17:40:00,17:45:00,17:48:00,17:50:00,17:55:00
